[
  {
    "id": 1,
    "read": false,
    "important": false,
    "querySubject": "query 1",
    "queryBody": "query 1: Lorem Ipsum is simply dummy text of the printing and typesetting industry. Lorem Ipsum is simply dummy text of the printing and typesetting industry.",
    "status": "pending",
    "impBtnValue": "important",
    "readBtnValue": "read"
  },
  {
    "id": 2,
    "read": false,
    "important": false,
    "querySubject": "query 2",
    "queryBody": "query 2 Lorem Ipsum is simply dummy text of the printing and typesetting industry. Lorem Ipsum is simply dummy text of the printing and typesetting industry.",
    "status": "action taken",
    "impBtnValue": "important",
    "readBtnValue": "read"
  },
  {
    "id": 3,
    "read": false,
    "important": false,
    "querySubject": "query 3",
    "queryBody": "query 3 Lorem Ipsum is simply dummy text of the printing and typesetting industry. Lorem Ipsum is simply dummy text of the printing and typesetting industry.",
    "status": "completed",
    "impBtnValue": "important",
    "readBtnValue": "read"
  },
  {
    "id": 0.24063900943429517,
    "read": false,
    "important": false,
    "querySubject": "yo",
    "queryBody": "ho",
    "status": "pending",
    "impBtnValue": "important",
    "readBtnValue": "read"
  },
  {
    "id": 0.21288093237643602,
    "read": false,
    "important": false,
    "querySubject": "yoyo",
    "queryBody": "hoho\n",
    "status": "pending",
    "impBtnValue": "important",
    "readBtnValue": "read"
  },
  {
    "id": 0.9417612902770902,
    "read": false,
    "important": false,
    "querySubject": "ishank",
    "queryBody": "ishank new test",
    "status": "pending",
    "impBtnValue": "important",
    "readBtnValue": "read"
  },
  {
    "id": 0.5247170239313785,
    "read": false,
    "important": false,
    "querySubject": "huvjvjgcgv",
    "queryBody": "logigkhvkhvg\n",
    "status": "pending",
    "impBtnValue": "important",
    "readBtnValue": "read"
  }
]